"Spp_ID","K","P","C","O","F","G","S"
"Spp1","Animalia","Arthropoda","Arachnida","Araneae","Theridiidae","Theridion","Theridion.frondeum"
"Spp2","Animalia","Arthropoda","Insecta","Lepidoptera","Geometridae","Orthofidonia","Orthofidonia.exornata"
"Spp3","Animalia","Arthropoda","Insecta","Hemiptera","Miridae","Deraeocoris","Deraeocoris.grandis"
"Spp4","Animalia","Arthropoda","Insecta","Hymenoptera","","",""
"Spp5","Animalia","Arthropoda","Insecta","Diptera","Mycetophilidae","Mycomya",""
"Spp6","Animalia","Arthropoda","Insecta","Diptera","Cecidomyiidae","",""
"Spp7","Animalia","Arthropoda","Insecta","Lepidoptera","Geometridae","Nemoria","Nemoria.mimosaria"
"Spp8","Animalia","Arthropoda","Insecta","Diptera","Hybotidae","",""
"Spp9","Animalia","Arthropoda","Insecta","Lepidoptera","Geometridae","",""
"Spp10","Animalia","Arthropoda","Insecta","Lepidoptera","Notodontidae","Heterocampa","Heterocampa.guttivitta"
"Spp11","Animalia","Arthropoda","Insecta","Diptera","Culicidae","Aedes","Aedes.punctor"
"Spp12","Animalia","Arthropoda","Arachnida","","","",""
"Spp13","Animalia","Arthropoda","Arachnida","Araneae","Philodromidae","Philodromus","Philodromus.rufus"
"Spp14","Animalia","Arthropoda","Insecta","Diptera","Therevidae","Spiriverpa","Spiriverpa.albiceps"
"Spp15","Animalia","Arthropoda","Arachnida","Araneae","Araneidae","",""
"Spp16","Animalia","Arthropoda","Arachnida","Araneae","Linyphiidae","Pityohyphantes","Pityohyphantes.costatus"
"Spp17","Animalia","Arthropoda","Insecta","Hemiptera","Cicadellidae","Oncopsis",""
"Spp18","Animalia","Arthropoda","Arachnida","Araneae","Linyphiidae","Neriene","Neriene.radiata"
"Spp19","Animalia","Arthropoda","Insecta","Diptera","Hybotidae","Leptopeza",""
"Spp20","Animalia","Arthropoda","Insecta","Hemiptera","Miridae","",""
"Spp21","Animalia","Arthropoda","Insecta","Coleoptera","Staphylinidae","Lathrobium","Lathrobium.simile"
"Spp22","Animalia","Arthropoda","Insecta","Lepidoptera","","",""
"Spp23","Animalia","Arthropoda","Insecta","Lepidoptera","Geometridae","Ennomos","Ennomos.subsignaria"
"Spp24","Animalia","Arthropoda","Insecta","Hemiptera","Miridae","Neolygus",""
"Spp25","Animalia","Arthropoda","Arachnida","","","",""
"Spp26","Animalia","Arthropoda","Insecta","Lepidoptera","Tortricidae","Anopina","Anopina.ednana"
"Spp27","Animalia","Arthropoda","Insecta","Diptera","Rhagionidae","Rhagio","Rhagio.mystaceus"
"Spp28","Animalia","Arthropoda","Insecta","Lepidoptera","Gelechiidae","Coleotechnites",""
"Spp29","Animalia","Arthropoda","","","","",""
"Spp30","Animalia","Arthropoda","Insecta","Lepidoptera","Erebidae","Idia","Idia.rotundalis"
"Spp31","Animalia","Arthropoda","Insecta","Diptera","","",""
"Spp32","Animalia","Arthropoda","Insecta","Lepidoptera","Gelechiidae","Coleotechnites","Coleotechnites.apicitripunctella"
"Spp33","Animalia","Arthropoda","Insecta","Diptera","Iteaphila.group","Iteaphila","Iteaphila.nitidula"
"Spp34","Animalia","Arthropoda","Insecta","Lepidoptera","Crambidae","Scoparia","Scoparia.cinereomedia"
"Spp35","Animalia","Arthropoda","Arachnida","Araneae","Agelenidae","Agelenopsis","Agelenopsis.utahana"
"Spp36","Animalia","Arthropoda","Insecta","Lepidoptera","Geometridae","Melanolophia","Melanolophia.canadaria"
"Spp37","Animalia","Arthropoda","Insecta","Diptera","Keroplatidae","",""
"Spp38","Animalia","Arthropoda","Arachnida","Araneae","Araneidae","Neoscona","Neoscona.arabesca"
"Spp39","Animalia","Arthropoda","Insecta","Diptera","Limoniidae","Discobola","Discobola.annulata"
"Spp40","Animalia","Arthropoda","Insecta","Lepidoptera","Geometridae","Speranza","Speranza.pustularia"
"Spp41","Animalia","Arthropoda","Arachnida","Trombidiformes","Tarsonemidae","",""
"Spp42","Animalia","Arthropoda","Insecta","Hemiptera","Miridae","Deraeocoris",""
"Spp43","Animalia","Arthropoda","Insecta","Coleoptera","Staphylinidae","Eusphalerum","Eusphalerum.pothos"
"Spp44","Animalia","Arthropoda","Insecta","Diptera","Tachinidae","",""
"Spp45","Animalia","Arthropoda","Insecta","Hemiptera","Cicadellidae","",""
"Spp46","Animalia","Arthropoda","Arachnida","Araneae","Linyphiidae","Helophora","Helophora.insignis"
"Spp47","Animalia","Arthropoda","Insecta","Diptera","Sciaridae","Schwenckfeldina","Schwenckfeldina.quadrispinosa"
"Spp48","Animalia","Arthropoda","Insecta","Hymenoptera","Ichneumonidae","Plectochorus","Plectochorus.iwatensis"
"Spp49","Animalia","Arthropoda","Insecta","Diptera","Empididae","",""
"Spp50","Animalia","Arthropoda","Insecta","Diptera","Limoniidae","Molophilus",""
"Spp51","Animalia","Arthropoda","Insecta","Lepidoptera","Blastobasidae","Pigritia","Pigritia.laticapitella"
"Spp52","Animalia","Arthropoda","Insecta","Lepidoptera","Tineidae","Pelecystola","Pelecystola.nearctica"
"Spp53","Animalia","Arthropoda","Arachnida","Araneae","Philodromidae","Philodromus","Philodromus.praelustris"
"Spp54","Animalia","Arthropoda","Arachnida","Araneae","Philodromidae","Philodromus","Philodromus.vulgaris"
"Spp55","Animalia","Arthropoda","Insecta","Lepidoptera","Tortricidae","Clepsis","Clepsis.virescana"
"Spp56","Animalia","Arthropoda","Insecta","Diptera","Tachinidae","Oswaldia","Oswaldia.albifacies"
"Spp57","Animalia","Arthropoda","Insecta","Lepidoptera","Gracillariidae","Caloptilia","Caloptilia.packardella"
"Spp58","Animalia","Arthropoda","Insecta","Lepidoptera","Geometridae","Melanolophia",""
"Spp59","Animalia","Arthropoda","Insecta","Diptera","Limoniidae","Elephantomyia","Elephantomyia.westwoodi"
"Spp60","Animalia","Arthropoda","Insecta","Diptera","Rhagionidae","Rhagio","Rhagio.gracilis"
"Spp61","Animalia","Arthropoda","Insecta","Coleoptera","Coccinellidae","Chilocorus","Chilocorus.stigma"
"Spp62","Animalia","Arthropoda","Insecta","Blattodea","Ectobiidae","",""
"Spp63","Animalia","Arthropoda","Insecta","Lepidoptera","Tortricidae","Clepsis","Clepsis.melaleucanus"
"Spp64","Animalia","Arthropoda","Insecta","Hymenoptera","Ichneumonidae","Dusona","Dusona.diversa"
"Spp65","Animalia","Arthropoda","Insecta","Lepidoptera","Depressariidae","Psilocorsis","Psilocorsis.reflexella"
"Spp66","Animalia","Arthropoda","Insecta","Diptera","Cecidomyiidae","",""
"Spp67","Animalia","Arthropoda","Insecta","Coleoptera","Curculionidae","Otiorhynchus","Otiorhynchus.singularis"
"Spp68","Animalia","Arthropoda","Arachnida","Opiliones","Caddidae","Caddo","Caddo.agilis"
"Spp69","Animalia","Arthropoda","Insecta","Plecoptera","","",""
"Spp70","Animalia","Arthropoda","Insecta","Lepidoptera","Psychidae","Psyche","Psyche.casta"
"Spp71","Animalia","Arthropoda","Insecta","Psocodea","Psocidae","Trichadenotecnum","Trichadenotecnum.majus"
"Spp72","Animalia","Arthropoda","Insecta","Diptera","Empididae","",""
"Spp73","Animalia","Arthropoda","Insecta","Lepidoptera","Crambidae","Scoparia","Scoparia.penumbralis"
"Spp74","Animalia","Arthropoda","Insecta","Diptera","Dolichopodidae","",""
"Spp75","Animalia","Arthropoda","Insecta","Lepidoptera","Gracillariidae","Phyllonorycter","Phyllonorycter.maestingella"
"Spp76","Animalia","Arthropoda","Arachnida","Araneae","Araneidae","Araneus","Araneus.saevus"
"Spp77","Animalia","Arthropoda","Insecta","Lepidoptera","Tortricidae","Epinotia",""
"Spp78","Animalia","Arthropoda","Insecta","Lepidoptera","Gelechiidae","Chionodes","Chionodes.obscurusella"
"Spp79","Animalia","Arthropoda","Insecta","Hymenoptera","Ichneumonidae","",""
"Spp80","Animalia","Arthropoda","Arachnida","Araneae","Theridiidae","Rugathodes","Rugathodes.sexpunctatus"
"Spp81","Animalia","Arthropoda","Insecta","Psocodea","Psocidae","Metylophorus","Metylophorus.novaescotiae"
"Spp82","Animalia","Arthropoda","Insecta","Hymenoptera","Ichneumonidae","Dirophanes",""
"Spp83","Animalia","Arthropoda","Insecta","Diptera","Bibionidae","Dilophus","Dilophus.femoratus"
"Spp84","Animalia","Arthropoda","Arachnida","Araneae","Cybaeidae","Cryphoeca","Cryphoeca.montana"
"Spp85","Animalia","Arthropoda","Insecta","Diptera","Tachinidae","Campylocheta","Campylocheta.teliosis"
"Spp86","Animalia","Arthropoda","Insecta","Lepidoptera","Geometridae","Melanolophia","Melanolophia.signataria"
"Spp87","Animalia","Arthropoda","Insecta","Diptera","Drosophilidae","",""
"Spp88","Animalia","Arthropoda","Arachnida","Araneae","Theridiosomatidae","Theridiosoma","Theridiosoma.gemmosum"
"Spp89","Animalia","Arthropoda","Arachnida","Araneae","Thomisidae","Xysticus","Xysticus.punctatus"
"Spp90","Animalia","Arthropoda","Insecta","Coleoptera","Elateridae","Athous","Athous.neacanthus"
"Spp91","Animalia","Arthropoda","Arachnida","Araneae","Linyphiidae","Grammonota","Grammonota.angusta"
"Spp92","Animalia","Arthropoda","Arachnida","Araneae","Dictynidae","Emblyna","Emblyna.maxima"
"Spp93","Animalia","Arthropoda","Arachnida","Araneae","Linyphiidae","Pityohyphantes","Pityohyphantes.cristatus"
"Spp94","Animalia","Arthropoda","Insecta","Diptera","Mycetophilidae","Mycomya","Mycomya.pulchella"
"Spp95","Animalia","Arthropoda","Insecta","Lepidoptera","Gelechiidae","Coleotechnites","Coleotechnites.quercivorella"
"Spp96","Animalia","Arthropoda","Insecta","Diptera","Empididae","Rhamphomyia",""
"Spp97","Animalia","Arthropoda","Insecta","Diptera","Hybotidae","Tachypeza","Tachypeza.fenestrata"
"Spp98","Animalia","Arthropoda","Insecta","Lepidoptera","Drepanidae","Drepana","Drepana.arcuata"
"Spp99","Animalia","Arthropoda","Insecta","Plecoptera","Nemouridae","Ostrocerca","Ostrocerca.complexa"
"Spp100","Animalia","Arthropoda","Insecta","Hymenoptera","Ichneumonidae","",".1"
"Spp101","Animalia","Arthropoda","Insecta","Plecoptera","Chloroperlidae","Sweltsa",""
"Spp102","Animalia","Arthropoda","Insecta","Diptera","Cecidomyiidae","Coccopsilis","Coccopsilis.paneliusi"
"Spp103","Animalia","Arthropoda","Insecta","Diptera","Tachinidae","Chetogena",""
"Spp104","Animalia","Arthropoda","Arachnida","Araneae","Araneidae","Araneus","Araneus.nordmanni"
"Spp105","Animalia","Arthropoda","Insecta","","","",""
"Spp106","Animalia","Arthropoda","Insecta","Lepidoptera","Tortricidae","Acleris","Acleris.cervinana"
"Spp107","Animalia","Arthropoda","Insecta","Diptera","Sciaridae","Bradysia",""
"Spp108","Animalia","Arthropoda","Arachnida","Mesostigmata","Ameroseiidae","",""
"Spp109","Animalia","Arthropoda","Arachnida","Araneae","Theridiidae","Dipoena","Dipoena.nigra"
"Spp110","Animalia","Arthropoda","Insecta","Diptera","Mycetophilidae","Clastobasis",""
"Spp111","Animalia","Arthropoda","Insecta","Lepidoptera","Gelechiidae","Sinoe","Sinoe.chambersi"
"Spp112","Animalia","Arthropoda","Insecta","Lepidoptera","Tortricidae","Pandemis","Pandemis.lamprosana"
"Spp113","Animalia","Arthropoda","Arachnida","Araneae","Theridiidae","Theridion","Theridion.glaucescens"
"Spp114","Animalia","Arthropoda","Insecta","Diptera","Mycetophilidae","Leia",""
"Spp115","Animalia","Arthropoda","Insecta","Hymenoptera","Ichneumonidae","Aphanistes",""
"Spp116","Animalia","Arthropoda","Insecta","Coleoptera","Melandryidae","Symphora","Symphora.flavicollis"
"Spp117","Animalia","Arthropoda","Insecta","Diptera","Simuliidae","Simulium","Simulium.venustum"
"Spp118","Animalia","Arthropoda","Insecta","Diptera","Sciaridae","Epidapus",""
"Spp119","Animalia","Arthropoda","Insecta","Diptera","Phoridae","Megaselia","Megaselia.lutea"
"Spp120","Animalia","Arthropoda","Arachnida","Araneae","Theridiidae","Platnickina","Platnickina.alabamensis"
"Spp121","Animalia","Arthropoda","Insecta","Lepidoptera","Geometridae","Ectropis","Ectropis.crepuscularia"
"Spp122","Animalia","Arthropoda","Insecta","Coleoptera","Tenebrionidae","Isomira","Isomira.quadristriata"
"Spp123","Animalia","Arthropoda","Insecta","Coleoptera","Cerambycidae","Urgleptes","Urgleptes.querci"
"Spp124","Animalia","Arthropoda","Insecta","Diptera","Rhagionidae","Chrysopilus","Chrysopilus.quadratus"
"Spp125","Animalia","Arthropoda","Insecta","Coleoptera","Cantharidae","Rhagonycha","Rhagonycha.imbecillis"
"Spp126","Animalia","Arthropoda","Insecta","Lepidoptera","Blastobasidae","Hypatopa","Hypatopa.simplicella"
"Spp127","Animalia","Arthropoda","Insecta","Coleoptera","Elateridae","Athous","Athous.acanthus"
"Spp128","Animalia","Arthropoda","Insecta","Hymenoptera","Braconidae","Aleiodes",""
"Spp129","Animalia","Arthropoda","Insecta","Lepidoptera","Gelechiidae","Coleotechnites","Coleotechnites.piceaella"
"Spp130","Animalia","Arthropoda","Insecta","Coleoptera","Elateridae","Dalopius",""
"Spp131","Animalia","Arthropoda","Collembola","Entomobryomorpha","","",""
"Spp132","Animalia","Arthropoda","Insecta","Lepidoptera","Geometridae","Probole",""
"Spp133","Animalia","Arthropoda","Insecta","Hemiptera","Cicadellidae","Scaphoideus","Scaphoideus.cylindratus"
"Spp134","Animalia","Arthropoda","Insecta","Hymenoptera","Braconidae","Peristenus","Peristenus.braunae"
"Spp135","Animalia","Arthropoda","Insecta","Hymenoptera","Ichneumonidae","Dusona","Dusona.vitticollis"
"Spp136","Animalia","Arthropoda","Insecta","Diptera","Limoniidae","Molophilus",""
"Spp137","Animalia","Arthropoda","Diplopoda","Julida","Parajulidae","",""
"Spp138","Animalia","Arthropoda","Insecta","Diptera","Chironomidae","Microtendipes",""
"Spp139","Animalia","Arthropoda","Insecta","Lepidoptera","Geometridae","Orthofidonia",""
"Spp140","Animalia","Arthropoda","Insecta","Psocodea","Amphipsocidae","Polypsocus","Polypsocus.corruptus"
"Spp141","Animalia","Arthropoda","Insecta","Plecoptera","Leuctridae","Leuctra","Leuctra.grandis"
"Spp142","Animalia","Arthropoda","Insecta","Diptera","Limoniidae","",""
"Spp143","Animalia","Arthropoda","Insecta","Hymenoptera","Formicidae","Lasius","Lasius.alienus"
"Spp144","Animalia","Arthropoda","Insecta","Diptera","Rhagionidae","Rhagio","Rhagio.vertebratus"
"Spp145","Animalia","Arthropoda","Insecta","Lepidoptera","Geometridae","Hethemia","Hethemia.pistasciaria"
"Spp146","Animalia","Arthropoda","Insecta","Neuroptera","Hemerobiidae","Sympherobius","Sympherobius.amiculus"
"Spp147","Animalia","Arthropoda","Insecta","Lepidoptera","Notodontidae","Heterocampa","Heterocampa.biundata"
"Spp148","Animalia","Arthropoda","Insecta","Psocodea","Caeciliusidae","",""
"Spp149","Animalia","Arthropoda","Insecta","Lepidoptera","Tortricidae","Cydia",""
"Spp150","Animalia","Arthropoda","Insecta","Diptera","Tipulidae","Tipula","Tipula.hermannia"
"Spp151","Animalia","Arthropoda","Insecta","Diptera","Mycetophilidae","Exechia","Exechia.frigida"
"Spp152","Animalia","Arthropoda","Insecta","Diptera","Agromyzidae","Phytobia",""
"Spp153","Animalia","Arthropoda","","","","",""
"Spp154","Animalia","Arthropoda","Insecta","Lepidoptera","Tortricidae","Ancylis","Ancylis.burgessiana"
"Spp155","Animalia","Arthropoda","Insecta","Diptera","Limoniidae","Epiphragma","Epiphragma.fasciapenne"
"Spp156","Animalia","Arthropoda","Insecta","Hymenoptera","Ichneumonidae","Lissonota","Lissonota.sexcincta"
"Spp157","Animalia","Arthropoda","Arachnida","Araneae","Tetragnathidae","Tetragnatha","Tetragnatha.shoshone"
"Spp158","Animalia","Arthropoda","Insecta","Diptera","Tachinidae","Blepharomyia","Blepharomyia.tibialis"
"Spp159","Animalia","Arthropoda","Insecta","Lepidoptera","Geometridae","Eutrapela","Eutrapela.clemataria"
"Spp160","Animalia","Arthropoda","Arachnida","Araneae","Araneidae","Araneus","Araneus.guttulatus"
"Spp161","Animalia","Arthropoda","Insecta","Lepidoptera","Geometridae","Plagodis","Plagodis.phlogosaria"
"Spp162","Animalia","Arthropoda","Insecta","Hemiptera","Miridae","Neolygus","Neolygus.fagi"
"Spp163","Animalia","Arthropoda","Insecta","Coleoptera","Curculionidae","Piazorhinus","Piazorhinus.scutellaris"
"Spp164","Animalia","Arthropoda","Insecta","Lepidoptera","Argyresthiidae","Argyresthia","Argyresthia.goedartella"
"Spp165","Animalia","Arthropoda","Insecta","Diptera","Chironomidae","",""
"Spp166","Animalia","Arthropoda","Insecta","Lepidoptera","Geometridae","Plagodis","Plagodis.serinaria"
"Spp167","Animalia","Arthropoda","Insecta","Diptera","Anthomyiidae","Pegomya","Pegomya.geniculata"
"Spp168","Animalia","Arthropoda","Insecta","Hemiptera","Miridae","Phytocoris","Phytocoris.neglectus"
"Spp169","Animalia","Arthropoda","Insecta","Hemiptera","Miridae","Blepharidopterus","Blepharidopterus.provancheri"
"Spp170","Animalia","Arthropoda","Arachnida","Sarcoptiformes","Peloppiidae","Ceratoppia",""
"Spp171","Animalia","Arthropoda","Insecta","Diptera","Pediciidae","",""
"Spp172","Animalia","Arthropoda","Insecta","Lepidoptera","Geometridae","Probole","Probole.alienaria"
"Spp173","Animalia","Arthropoda","Insecta","Diptera","Tachinidae","Ceromya",""
"Spp174","Animalia","Arthropoda","Insecta","Diptera","Tachinidae","Epalpus","Epalpus.signifer"
"Spp175","Animalia","Arthropoda","Insecta","Lepidoptera","Geometridae","Cladara","Cladara.limitaria"
"Spp176","Animalia","Arthropoda","Insecta","Diptera","Culicidae","Aedes",""
"Spp177","Animalia","Arthropoda","Insecta","Diptera","Tachinidae","",""
"Spp178","Animalia","Arthropoda","Insecta","Lepidoptera","Erebidae","Zanclognatha","Zanclognatha.laevigata"
"Spp179","Animalia","Arthropoda","Insecta","Lepidoptera","Gelechiidae","Chionodes","Chionodes.fuscomaculella"
"Spp180","Animalia","Arthropoda","Insecta","Coleoptera","Pyrochroidae","Dendroides","Dendroides.canadensis"
"Spp181","Animalia","Arthropoda","Insecta","Diptera","Lauxaniidae","",""
"Spp182","Animalia","Arthropoda","Insecta","Diptera","Chironomidae","",""
"Spp183","Animalia","Arthropoda","Arachnida","Araneae","Araneidae","Cyclosa","Cyclosa.conica"
"Spp184","Animalia","Arthropoda","Insecta","Diptera","Rhagionidae","",""
"Spp185","Animalia","Arthropoda","Arachnida","Araneae","Dictynidae","Emblyna","Emblyna.sublata"
"Spp186","Animalia","Arthropoda","Insecta","Diptera","Chironomidae","Gymnometriocnemus",""
"Spp187","Animalia","Arthropoda","Insecta","Lepidoptera","Gelechiidae","Chionodes","Chionodes.mediofuscella"
"Spp188","Animalia","Arthropoda","Insecta","Lepidoptera","Geometridae","Metarranthis","Metarranthis.angularia"
"Spp189","Animalia","Arthropoda","Insecta","Coleoptera","Elateridae","Dalopius","Dalopius.fuscipes"
"Spp190","Animalia","Arthropoda","Insecta","Diptera","Mycetophilidae","Allocotocera","Allocotocera.pulchella"
"Spp191","Animalia","Arthropoda","Insecta","Diptera","Limoniidae","Limonia","Limonia.immatura"
"Spp192","Animalia","Arthropoda","Insecta","Lepidoptera","Gelechiidae","Coleotechnites",""
"Spp193","Animalia","Arthropoda","Insecta","Hemiptera","Miridae","Tropidosteptes","Tropidosteptes.amoenus"
"Spp194","Animalia","Arthropoda","Arachnida","Araneae","Dictynidae","Dictyna","Dictyna.brevitarsa"
"Spp195","Animalia","Arthropoda","Insecta","Lepidoptera","Sphingidae","Darapsa","Darapsa.choerilus"
"Spp196","Animalia","Arthropoda","Arachnida","Araneae","Clubionidae","Clubiona","Clubiona.canadensis"
"Spp197","Animalia","Arthropoda","Insecta","Diptera","Culicidae","Aedes","Aedes.canadensis"
"Spp198","Animalia","Arthropoda","Insecta","Hymenoptera","Ichneumonidae","Euceros",""
"Spp199","Animalia","Arthropoda","Insecta","Hymenoptera","Ichneumonidae","Euceros","Euceros.canadensis"
"Spp200","Animalia","Arthropoda","Insecta","Diptera","Sciaridae","",""
"Spp201","Animalia","Arthropoda","Insecta","Diptera","Drosophilidae","Drosophila","Drosophila.affinis"
"Spp202","Animalia","Arthropoda","Insecta","Hymenoptera","Pergidae","Acordulecera",""
"Spp203","Animalia","Arthropoda","Arachnida","Araneae","","",""
"Spp204","Animalia","Arthropoda","Insecta","Lepidoptera","Geometridae","Cladara","Cladara.atroliturata"
"Spp205","Animalia","Arthropoda","Insecta","Neuroptera","Coniopterygidae","Coniopteryx",""
"Spp206","Animalia","Arthropoda","Insecta","Diptera","Tachinidae","Oswaldia","Oswaldia.minor"
"Spp207","Animalia","Arthropoda","Insecta","Diptera","Rhagionidae","Rhagio",""
"Spp208","Animalia","Arthropoda","Arachnida","Araneae","Theridiidae","Parasteatoda","Parasteatoda.tepidariorum"
"Spp209","Animalia","Arthropoda","Insecta","Lepidoptera","Sphingidae","Amorpha","Amorpha.juglandis"
"Spp210","Animalia","Arthropoda","Insecta","Lepidoptera","Lasiocampidae","Tolype",""
"Spp211","Animalia","Arthropoda","Arachnida","Sarcoptiformes","Cymbaeremaeidae","",""
"Spp212","Animalia","Arthropoda","Insecta","Lepidoptera","Tortricidae","Olethreutes","Olethreutes.glaciana"
"Spp213","Animalia","Arthropoda","Insecta","Diptera","Mycetophilidae","Rondaniella","Rondaniella.dimidiata"
"Spp214","Animalia","Arthropoda","Insecta","Diptera","Limoniidae","Molophilus","Molophilus.fultonensis"
"Spp215","Animalia","Arthropoda","Insecta","Diptera","Scathophagidae","Cordilura",""
"Spp216","Animalia","Arthropoda","Insecta","Lepidoptera","Autostichidae","Glyphidocera","Glyphidocera.septentrionella"
"Spp217","Animalia","Arthropoda","Arachnida","Araneae","Theridiidae","Theridion","Theridion.murarium"
"Spp218","Animalia","Arthropoda","Insecta","Hymenoptera","Braconidae","",""
"Spp219","Animalia","Arthropoda","Insecta","Lepidoptera","Tortricidae","Ancylis",""
"Spp220","Animalia","Arthropoda","Insecta","Lepidoptera","Geometridae","Eupithecia","Eupithecia.columbiata"
"Spp221","Animalia","Arthropoda","Insecta","Psocodea","Myopsocidae","Lichenomima",""
"Spp222","Animalia","Arthropoda","Insecta","Hymenoptera","Braconidae","Dolichogenidea",""
"Spp223","Animalia","Arthropoda","Insecta","Diptera","Rhagionidae","",""
"Spp224","Animalia","Arthropoda","Insecta","Diptera","Chironomidae","Chironomus","Chironomus.nr..atroviridis.2i.IP2013"
"Spp225","Animalia","Arthropoda","Arachnida","Araneae","","",""
"Spp226","Animalia","Arthropoda","Insecta","Coleoptera","Carabidae","Gastrellarius","Gastrellarius.honestus"
"Spp227","Animalia","Arthropoda","Arachnida","Araneae","Philodromidae","Philodromus",""
"Spp228","Animalia","Arthropoda","Insecta","Psocodea","Peripsocidae","Peripsocus","Peripsocus.subfasciatus"
"Spp229","Animalia","Arthropoda","Insecta","Diptera","Muscidae","Coenosia","Coenosia.nigritarsis"
"Spp230","Animalia","Arthropoda","Insecta","Hemiptera","Miridae","Phytocoris",""
"Spp231","Animalia","Arthropoda","Arachnida","Araneae","Theridiidae","Enoplognatha","Enoplognatha.ovata"
"Spp232","Animalia","Arthropoda","Insecta","Hemiptera","Pentatomidae","Podisus","Podisus.brevispinus"
"Spp233","Animalia","Arthropoda","Insecta","Diptera","Chironomidae","Tribelos",""
"Spp234","Animalia","Arthropoda","Arachnida","Trombidiformes","Bdellidae","",""
"Spp235","Animalia","Arthropoda","Insecta","Lepidoptera","Gelechiidae","Phthorimaea","Phthorimaea.operculella"
"Spp236","Animalia","Arthropoda","Arachnida","Araneae","Amaurobiidae","Callobius","Callobius.bennetti"
"Spp237","Animalia","Arthropoda","Insecta","Diptera","Anthomyiidae","",""
"Spp238","Animalia","Arthropoda","Insecta","Hymenoptera","Braconidae","",""
"Spp239","Animalia","Arthropoda","Insecta","Hemiptera","Cicadellidae","Oncopsis",""
"Spp240","Animalia","Arthropoda","Arachnida","Araneae","Theridiidae","Wamba","Wamba.crispulus"
"Spp241","Animalia","Arthropoda","Insecta","Lepidoptera","Sphingidae","Ceratomia","Ceratomia.undulosa"
"Spp242","Animalia","Arthropoda","Insecta","Lepidoptera","Geometridae","Lambdina","Lambdina.fiscellaria"
"Spp243","Animalia","Arthropoda","Insecta","Diptera","Xylophagidae","Rachicerus",""
"Spp244","Animalia","Arthropoda","Insecta","Diptera","Culicidae","Aedes","Aedes.communis"
"Spp245","Animalia","Arthropoda","Insecta","Plecoptera","Nemouridae","Ostrocerca","Ostrocerca.albidipennis"
"Spp246","Animalia","Arthropoda","Insecta","Neuroptera","Hemerobiidae","Hemerobius",""
"Spp247","Animalia","Arthropoda","Insecta","Lepidoptera","Geometridae","Plagodis","Plagodis.alcoolaria"
"Spp248","Animalia","Arthropoda","Insecta","Diptera","Limoniidae","Rhipidia",""
"Spp249","Animalia","Arthropoda","Insecta","Diptera","Sciaridae","Bradysia","Bradysia.placida"
"Spp250","Animalia","Arthropoda","Insecta","Coleoptera","Mordellidae","",""
"Spp251","Animalia","Arthropoda","Insecta","Diptera","Sciaridae","",""
"Spp252","Animalia","Arthropoda","Arachnida","Araneae","Clubionidae","Clubiona","Clubiona.spiralis"
"Spp253","Animalia","Arthropoda","Insecta","Lepidoptera","Noctuidae","Chytonix","Chytonix.palliatricula"
"Spp254","Animalia","Arthropoda","Insecta","Hymenoptera","Ichneumonidae","",""
"Spp255","Animalia","Arthropoda","Insecta","Lepidoptera","Tortricidae","Proteoteras","Proteoteras.moffatiana"
"Spp256","Animalia","Arthropoda","Arachnida","Sarcoptiformes","Parakalummidae","Neoribates",""
"Spp257","Animalia","Arthropoda","Insecta","Hemiptera","Miridae","Phytocoris",""
"Spp258","Animalia","Arthropoda","Insecta","Lepidoptera","Gelechiidae","Coleotechnites","Coleotechnites.thujaella"
"Spp259","Animalia","Arthropoda","Insecta","Hymenoptera","Ichneumonidae","Gelis","Gelis.sp"
"Spp260","Animalia","Arthropoda","Insecta","Lepidoptera","Tortricidae","Olethreutes","Olethreutes.appendiceum"
"Spp261","Animalia","Arthropoda","Insecta","Diptera","Limoniidae","Epiphragma",""
"Spp262","Animalia","Arthropoda","Insecta","Diptera","Lauxaniidae","Poecilolycia","Poecilolycia.aspinosa"
"Spp263","Animalia","Arthropoda","Arachnida","Araneae","Theridiidae","Yunohamella","Yunohamella.lyrica"
"Spp264","Animalia","Arthropoda","Insecta","Diptera","Ceratopogonidae","",""
"Spp265","Animalia","Arthropoda","Insecta","Lepidoptera","Gelechiidae","Carpatolechia","Carpatolechia.belangerella"
"Spp266","Animalia","Arthropoda","Insecta","Lepidoptera","Noctuidae","Orthosia","Orthosia.rubescens"
"Spp267","Animalia","Arthropoda","Insecta","Diptera","Culicidae","Aedes","Aedes.intrudens"
"Spp268","Animalia","Arthropoda","Insecta","Hemiptera","Aphididae","Phyllaphis","Phyllaphis.fagi"
"Spp269","Animalia","Arthropoda","Insecta","Coleoptera","Ptinidae","",""
"Spp270","Animalia","Arthropoda","Insecta","Diptera","Xylophagidae","Xylophagus","Xylophagus.reflectens"
"Spp271","Animalia","Arthropoda","Insecta","Hemiptera","Aphididae","Aphis",""
"Spp272","Animalia","Arthropoda","Insecta","Lepidoptera","Erebidae","Lymantria","Lymantria.dispar"
"Spp273","Animalia","Arthropoda","Insecta","Hemiptera","","",""
"Spp274","Animalia","Arthropoda","Insecta","Lepidoptera","Lasiocampidae","Tolype",".1"
"Spp275","Animalia","Arthropoda","Insecta","Diptera","Tachinidae","Oswaldia",""
"Spp276","Animalia","Arthropoda","Insecta","Diptera","Mycetophilidae","Mycetophila","Mycetophila.fungorum"
"Spp277","Animalia","Arthropoda","Insecta","Hemiptera","Aphrophoridae","Aphrophora","Aphrophora.cribrata"
"Spp278","Animalia","Arthropoda","Insecta","Lepidoptera","Blastobasidae","Asaphocrita","Asaphocrita.busckiella"
"Spp279","Animalia","Arthropoda","Insecta","Diptera","Limoniidae","Limonia","Limonia.indigena"
"Spp280","Animalia","Arthropoda","Insecta","Hemiptera","Rhyparochromidae","Eremocoris","Eremocoris.borealis"
"Spp281","Animalia","Arthropoda","Insecta","Diptera","Sciaridae","Cratyna","Cratyna.perplexa"
"Spp282","Animalia","Arthropoda","Insecta","Lepidoptera","Crambidae","Palpita","Palpita.magniferalis"
"Spp283","Animalia","Arthropoda","Insecta","Hymenoptera","Ichneumonidae","Polysphincta",""
"Spp284","Animalia","Arthropoda","Insecta","Lepidoptera","Geometridae","Eupithecia","Eupithecia.palpata"
"Spp285","Animalia","Arthropoda","Arachnida","Araneae","Salticidae","Dendryphantes",""
"Spp286","Animalia","Arthropoda","Insecta","Hymenoptera","Platygastridae","",""
"Spp287","Animalia","Arthropoda","Insecta","Diptera","Tipulidae","Tipula",""
"Spp288","Animalia","Arthropoda","Arachnida","Araneae","Theridiidae","Neospintharus","Neospintharus.trigonum"
"Spp289","Animalia","Arthropoda","Insecta","Lepidoptera","Geometridae","Besma","Besma.endropiaria"
"Spp290","Animalia","Arthropoda","Insecta","Hymenoptera","Braconidae","Ascogaster",""
"Spp291","Animalia","Arthropoda","Insecta","Diptera","Axymyiidae","Axymyia","Axymyia.furcata"
"Spp292","Animalia","Arthropoda","Insecta","Diptera","Tabanidae","Hybomitra","Hybomitra.microcephala"
"Spp293","Animalia","Arthropoda","Insecta","Diptera","Calliphoridae","Calliphora","Calliphora.livida"
"Spp294","Animalia","Arthropoda","Insecta","Lepidoptera","Tortricidae","Thyraylia","Thyraylia.nana"
"Spp295","Animalia","Arthropoda","Insecta","Lepidoptera","Nolidae","Meganola","Meganola.minuscula"
"Spp296","Animalia","Arthropoda","Insecta","Hemiptera","Miridae","Phytocoris","Phytocoris.eximius"
"Spp297","Animalia","Arthropoda","Collembola","Poduromorpha","Hypogastruridae","",""
"Spp298","Animalia","Arthropoda","Insecta","Hymenoptera","Braconidae","Diolcogaster","Diolcogaster.jft30"
"Spp299","Animalia","Arthropoda","Insecta","Diptera","Clusiidae","Clusia","Clusia.czernyi"
"Spp300","Animalia","Arthropoda","Insecta","Lepidoptera","Incurvariidae","Paraclemensia","Paraclemensia.acerifoliella"
"Spp301","Animalia","Arthropoda","Insecta","Hemiptera","Miridae","Tropidosteptes","Tropidosteptes.rufusculus"
"Spp302","Animalia","Arthropoda","Insecta","Lepidoptera","Gelechiidae","Pseudotelphusa",""
"Spp303","Animalia","Arthropoda","Insecta","Diptera","Ceratopogonidae","Forcipomyia","Forcipomyia.titillans"
"Spp304","Animalia","Arthropoda","Insecta","Lepidoptera","Gelechiidae","Dichomeris","Dichomeris.punctipennella"
"Spp305","Animalia","Arthropoda","Insecta","Lepidoptera","Tortricidae","Olethreutes","Olethreutes.fasciatana"
"Spp306","Animalia","Arthropoda","Insecta","Diptera","Cecidomyiidae","Lestremia","Lestremia.cinerea"
"Spp307","Animalia","Arthropoda","Insecta","Hymenoptera","Braconidae","Peristenus","Peristenus.sp"
"Spp308","Animalia","Arthropoda","Insecta","Hemiptera","Miridae","Neolygus",""
"Spp309","Animalia","Arthropoda","Insecta","Coleoptera","Curculionidae","Strophosoma","Strophosoma.fulvicorne"
"Spp310","Animalia","Arthropoda","Insecta","Diptera","Asilidae","Tipulogaster","Tipulogaster.glabrata"
"Spp311","Animalia","Arthropoda","Insecta","Lepidoptera","Tortricidae","Cydia","Cydia.inopiosa"
"Spp312","Animalia","Arthropoda","Insecta","Diptera","Syrphidae","Didea",""
"Spp313","Animalia","Arthropoda","Insecta","Hymenoptera","Ichneumonidae","Phobocampe",""
"Spp314","Animalia","Arthropoda","Arachnida","Araneae","Araneidae","",""
"Spp315","Animalia","Arthropoda","Insecta","Diptera","Tachinidae","Ceromya","Ceromya.oriens"
"Spp316","Animalia","Arthropoda","Insecta","Lepidoptera","Coleophoridae","Coleophora","Coleophora.pruniella"
"Spp317","Animalia","Arthropoda","Insecta","Plecoptera","Nemouridae","Amphinemura","Amphinemura.wui"
"Spp318","Animalia","Arthropoda","Insecta","Hymenoptera","Ichneumonidae","Syrphophilus","Syrphophilus.tricinctorius"
"Spp319","Animalia","Arthropoda","Insecta","Diptera","Mycetophilidae","Neoempheria",""
"Spp320","Animalia","Arthropoda","Arachnida","Araneae","Clubionidae","Clubiona",""
"Spp321","Animalia","Arthropoda","Insecta","Hemiptera","Miridae","Neolygus","Neolygus.hirticulus"
"Spp322","Animalia","Arthropoda","Insecta","Hymenoptera","Argidae","Arge",""
"Spp323","Animalia","Arthropoda","Insecta","Diptera","Tachinidae","Blepharomyia","Blepharomyia.pagana"
"Spp324","Animalia","Arthropoda","Collembola","Entomobryomorpha","Tomoceridae","Tomocerus","Tomocerus.sp"
"Spp325","Animalia","Arthropoda","Insecta","Psocodea","Caeciliusidae","Valenzuela","Valenzuela.flavidus"
"Spp326","Animalia","Arthropoda","Insecta","Diptera","Sciaridae","Pseudolycoriella",""
"Spp327","Animalia","Arthropoda","Insecta","Diptera","Mycetophilidae","Phronia",""
"Spp328","Animalia","Arthropoda","Arachnida","Trombidiformes","Eupodidae","",""
"Spp329","Animalia","Arthropoda","Insecta","Hymenoptera","Ichneumonidae","Phygadeuon","Phygadeuon.vexator"
"Spp330","Animalia","Arthropoda","Insecta","Diptera","Pipunculidae","Nephrocerus",""
"Spp331","Animalia","Arthropoda","Arachnida","Araneae","Thomisidae","Misumena","Misumena.vatia"
"Spp332","Animalia","Arthropoda","Arachnida","Araneae","Araneidae","Eustala","Eustala.emertoni"
"Spp333","Animalia","Arthropoda","Insecta","Lepidoptera","Tortricidae","Cydia","Cydia.latiferreana"
"Spp334","Animalia","Arthropoda","Insecta","Diptera","Tabanidae","Chrysops","Chrysops.calvus"
"Spp335","Animalia","Arthropoda","Insecta","Lepidoptera","Tineidae","Nemapogon",""
"Spp336","Animalia","Arthropoda","Arachnida","Araneae","Linyphiidae","Lepthyphantes","Lepthyphantes.turbatrix"
"Spp337","Animalia","Arthropoda","Insecta","Coleoptera","Buprestidae","",""
"Spp338","Animalia","Arthropoda","Insecta","Lepidoptera","Geometridae","Eupithecia","Eupithecia.annulata"
"Spp339","Animalia","Arthropoda","Insecta","Lepidoptera","Geometridae","Operophtera","Operophtera.bruceata"
"Spp340","Animalia","Arthropoda","Insecta","Lepidoptera","Erebidae","Zale","Zale.minerea"
"Spp341","Animalia","Arthropoda","Insecta","Diptera","Limoniidae","Ormosia","Ormosia.sp..BOLDACA9663"
"Spp342","Animalia","Arthropoda","Insecta","Lepidoptera","Nepticulidae","Ectoedemia","Ectoedemia.argyropeza"
"Spp343","Animalia","Arthropoda","Insecta","Lepidoptera","Tortricidae","Acleris","Acleris.maccana"
"Spp344","Animalia","Arthropoda","Insecta","Hymenoptera","Dryinidae","",""
"Spp345","Animalia","Arthropoda","Insecta","Coleoptera","Scarabaeidae","Phyllophaga","Phyllophaga.drakii"
"Spp346","Animalia","Arthropoda","Insecta","Diptera","Tachinidae","Xanthomelanodes","Xanthomelanodes.arcuatus"
"Spp347","Animalia","Arthropoda","Insecta","Diptera","Sciaridae","Corynoptera","Corynoptera.trepida"
"Spp348","Animalia","Arthropoda","Insecta","Coleoptera","Cerambycidae","Urgleptes","Urgleptes.signatus"
"Spp349","Animalia","Arthropoda","Insecta","Diptera","Bibionidae","",""
"Spp350","Animalia","Arthropoda","Insecta","Hemiptera","Reduviidae","Zelus","Zelus.luridus"
"Spp351","Animalia","Arthropoda","Insecta","Lepidoptera","Blastobasidae","Asaphocrita","Asaphocrita.aphidiella"
"Spp352","Animalia","Arthropoda","Insecta","Diptera","Mycetophilidae","Exechia",""
"Spp353","Animalia","Arthropoda","Insecta","Diptera","Tabanidae","Chrysops","Chrysops.niger"
"Spp354","Animalia","Arthropoda","Arachnida","Araneae","Linyphiidae","Pocadicnemis","Pocadicnemis.occidentalis"
"Spp355","Animalia","Arthropoda","Insecta","Diptera","Tachinidae","Patelloa",""
"Spp356","Animalia","Arthropoda","Insecta","Hymenoptera","Ichneumonidae","Stictopisthus",""
"Spp357","Animalia","Arthropoda","Insecta","Lepidoptera","Erebidae","Hypenodes","Hypenodes.n..sp..4"
"Spp358","Animalia","Arthropoda","Insecta","Diptera","Sciaridae","Cratyna","Cratyna.longispina"
"Spp359","Animalia","Arthropoda","Insecta","Hemiptera","Cicadellidae","Gyponana",""
"Spp360","Animalia","Arthropoda","Insecta","Coleoptera","Cantharidae","Pacificanthia","Pacificanthia.rotundicollis"
"Spp361","Animalia","Arthropoda","Insecta","Diptera","Muscidae","Phaonia","Phaonia.apicata"
"Spp362","Animalia","Arthropoda","Insecta","Hemiptera","Miridae","",""
"Spp363","Animalia","Arthropoda","Insecta","Lepidoptera","Notodontidae","Lochmaeus","Lochmaeus.bilineata"
"Spp364","Animalia","Arthropoda","Insecta","Diptera","Hybotidae","Hybos","Hybos.reversus"
"Spp365","Animalia","Arthropoda","Insecta","Plecoptera","Leuctridae","Leuctra",""
"Spp366","Animalia","Arthropoda","Arachnida","Sarcoptiformes","Phthiracaridae","",""
"Spp367","Animalia","Arthropoda","Insecta","Diptera","Tachinidae","Campylocheta",""
"Spp368","Animalia","Arthropoda","Insecta","Diptera","Sciaridae","Trichosia..Mouffetina",""
"Spp369","Animalia","Arthropoda","Insecta","Lepidoptera","Geometridae","Homochlodes",""
"Spp370","Animalia","Arthropoda","Insecta","Diptera","Muscidae","Mydaea","Mydaea.occidentalis"
"Spp371","Animalia","Arthropoda","Arachnida","Araneae","Dictynidae","Dictyna","Dictyna.minuta"
"Spp372","Animalia","Arthropoda","Insecta","Lepidoptera","Gracillariidae","Caloptilia",""
"Spp373","Animalia","Arthropoda","Insecta","Diptera","Tachinidae","Oswaldia","Oswaldia.assimilis"
"Spp374","Animalia","Arthropoda","Insecta","Diptera","Simuliidae","",""
"Spp375","Animalia","Arthropoda","Insecta","Lepidoptera","Gelechiidae","Anacampsis","Anacampsis.conclusella"
"Spp376","Animalia","Arthropoda","Insecta","Diptera","Pipunculidae","Cephalops","Cephalops.pallidivittipes"
"Spp377","Animalia","Arthropoda","Arachnida","Araneae","Linyphiidae","Pityohyphantes","Pityohyphantes.subarcticus"
"Spp378","Animalia","Arthropoda","Insecta","Psocodea","Lepidopsocidae","Echmepteryx","Echmepteryx.hageni"
"Spp379","Animalia","Arthropoda","Insecta","Diptera","Pipunculidae","Eudorylas","Eudorylas.sp..101"
"Spp380","Animalia","Arthropoda","Insecta","Diptera","Tipulidae","Tipula",""
"Spp381","Animalia","Arthropoda","Insecta","Diptera","Pipunculidae","Elmohardyia","Elmohardyia.atlantica"
"Spp382","Animalia","Arthropoda","Insecta","Psocodea","Mesopsocidae","Mesopsocus","Mesopsocus.laticeps"
"Spp383","Animalia","Arthropoda","Insecta","Diptera","Limoniidae","",""
"Spp384","Animalia","Arthropoda","Insecta","Lepidoptera","Crambidae","Anageshna","Anageshna.primordialis"
"Spp385","Animalia","Arthropoda","Insecta","Diptera","Culicidae","Aedes","Aedes.triseriatus"
"Spp386","Animalia","Arthropoda","Insecta","Hymenoptera","Ichneumonidae","Dirophanes","Dirophanes.gaspesianus"
"Spp387","Animalia","Arthropoda","Insecta","Hemiptera","Miridae","Phytocoris","Phytocoris.sp"
"Spp388","Animalia","Arthropoda","Insecta","Diptera","Pipunculidae","Eudorylas","Eudorylas.sp..ON6"
"Spp389","Animalia","Arthropoda","Insecta","Diptera","Syrphidae","Didea","Didea.fuscipes"
"Spp390","Animalia","Arthropoda","Insecta","Diptera","Ceratopogonidae","Atrichopogon",""
"Spp391","Animalia","Arthropoda","Insecta","Diptera","Tachinidae","Hyphantrophaga","Hyphantrophaga.virilis"
"Spp392","Animalia","Arthropoda","Insecta","Diptera","Tipulidae","Dolichopeza","Dolichopeza.walleyi"
"Spp393","Animalia","Arthropoda","Insecta","Diptera","Empididae","Rhamphomyia","Rhamphomyia.umbrosa"
"Spp394","Animalia","Arthropoda","Insecta","Diptera","Pipunculidae","Chalarus","Chalarus.sp..ON2"
"Spp395","Animalia","Arthropoda","Arachnida","Araneae","Philodromidae","",""
